"","PC1","PC2","PC3","label"
"1",-9.9490588313831,51.5933684458194,-7.96446143228859,"1"
"2",-14.0005375181655,52.5595239118457,-7.73185565777048,"1"
"3",-3.65660130808869,44.715404657602,-9.81603990549242,"1"
"4",9.67971029221618,30.8984051904515,-10.3124874118748,"0"
"5",-8.50088242075633,50.633750089297,-9.12792141386433,"1"
"6",-3.4370076928869,47.4192218745697,-8.51653610722654,"1"
"7",-4.92807537512217,49.1161015506318,-8.63807941444642,"1"
"8",-12.8605165304776,51.783039010754,-6.40404622828082,"1"
"9",-10.429595387744,52.0811275036321,-8.25582689092353,"1"
"10",-17.2578887082692,53.9705425509615,-8.01803149862203,"1"
"11",-14.4031453714673,52.6665188629976,-8.08117376425071,"1"
"12",104.69798348639,9.67641327015595,11.3090422399729,"4"
"13",112.448361158059,3.31182925113537,10.2257554266185,"4"
"14",96.0363666515318,9.81629457965587,9.2501273110739,"4"
"15",82.6672231086059,13.0170471389212,10.8053595806724,"4"
"16",122.438806726483,0.707035147250085,7.88951307899097,"4"
"17",120.918484770782,0.719514084356213,9.97118546990469,"4"
"18",137.346195846361,-2.79867660555682,14.3359343811302,"4"
"19",-27.2221447057905,46.5130675659141,0.9676887984048,"0"
"20",-20.8417045073314,57.0950318899604,-7.91547380718693,"1"
"21",-25.7630310202611,48.1879156896654,0.734037301638431,"0"
"22",-9.61023558574877,36.6202114992316,-9.02711271321965,"0"
"23",-23.1760653787812,55.4670464895993,-3.91592096194117,"1"
"24",1.39495187658748,30.5480504009778,-7.27640593785598,"0"
"25",-24.7157570702954,55.6704234086225,-3.52267894016315,"1"
"26",-10.7295776288038,38.5723820300733,-4.19486400367791,"0"
"27",-26.8617633707634,55.7632822191947,-1.20328358860001,"1"
"28",-17.0459043842276,41.0165031623815,-4.74735474545296,"0"
"29",-12.7906403963987,49.9064528795511,-5.27034953129534,"1"
"30",0.0168244050543062,-15.9742416614162,-24.3552739787593,"2"
"31",-21.7412294852226,-22.3668503498388,-27.2367055000893,"2"
"32",-15.6916627213424,52.1658821243152,-7.66543376879662,"1"
"33",-25.1507519954516,55.6208618373058,-3.81339682482606,"1"
"34",-2.31017215114906,34.2070015055508,-5.82243754315875,"0"
"35",-28.3268470023328,47.6439227559116,-0.51352515758121,"0"
"36",-26.6104691731527,57.8932506815662,-2.68560535120544,"1"
"37",-25.1260101304861,43.0314668459783,0.00965936124018682,"0"
"38",-26.0805658205443,59.0188694564423,-3.81375086246723,"1"
"39",-11.3260286175751,52.6660753379184,-8.82648060451034,"1"
"40",-20.8609123500479,51.1924478425358,-4.22585156060521,"1"
"41",-19.1031960216726,55.4520198295216,-6.84240248933294,"1"
"42",-21.1747903840351,59.9980944863214,-4.81466393485582,"1"
"43",-2.76485580548221,37.6021585420992,-7.42785577324102,"0"
"44",-21.7313777348991,42.3921150755463,-2.15457623804503,"0"
"45",-23.3653739872035,44.1300942729588,-1.35206848273934,"0"
"46",-24.4928779140435,55.6166517558779,-2.77030928968116,"1"
"47",-17.1262397740927,41.5150532070745,-6.17256638261604,"0"
"48",-15.394411572444,47.4721715016812,-5.77168674473258,"1"
"49",-16.6797528081993,42.9551321114468,-5.59304329879158,"0"
"50",-4.83534934409535,38.4591716115646,-7.74611983388838,"0"
"51",-4.61507672990474,34.6509846919325,-7.29339785712847,"0"
"52",-9.1246797472617,38.5295236449743,-7.42958882348586,"0"
"53",-18.1318421487911,39.6459136331996,-4.79880368670412,"0"
"54",-8.36072311524538,39.060382897384,-6.41496778826261,"0"
"55",-26.3963148134292,54.9803001065872,-2.94820034774567,"1"
"56",2.19790404504551,35.4352706989302,-7.60250639662425,"0"
"57",-18.7707670194994,52.8892989169096,-4.09268488966501,"1"
"58",-6.95628541022504,36.1599043010779,-4.27061327603178,"0"
"59",-22.8277029033168,41.80882251835,-1.93027552087311,"0"
"60",-14.9177095013209,42.8931968167612,-3.16738270911285,"0"
"61",-20.8346697814391,55.8415448919825,-4.22146023258605,"1"
"62",101.082903787008,7.11864538769792,8.33180409710598,"4"
"63",91.9198636780076,7.14786750445744,7.92853240983014,"4"
"64",-15.9268279553732,52.1663444522988,-9.072380832595,"1"
"65",136.141005851632,-0.396433882872454,10.3661651003498,"4"
"66",123.335358486182,4.39356026673447,9.69811020225401,"4"
"67",155.67309135467,-7.16992354395998,12.7863170607974,"4"
"68",110.514912414213,5.81708340103871,8.57475609726901,"4"
"69",117.00083816696,4.2667171222362,5.81443970591764,"4"
"70",104.573095956205,10.2369592450917,7.13438561283049,"4"
"71",122.214337265722,4.5144840529385,8.58479381402951,"4"
"72",145.238789352633,-4.79515141491006,10.3093924020377,"4"
"73",161.777515329377,-10.0293099864735,11.5352030105254,"4"
"74",134.913887522434,-0.697261819032765,10.7717477680964,"4"
"75",88.5562667134646,18.1359865102352,9.58334895054287,"4"
"76",150.685652374935,-2.56234878259562,5.65728999573326,"4"
"77",136.178630629842,-0.840236229531778,6.82527778465721,"4"
"78",108.698283120155,9.03567041354979,7.4243093270246,"4"
"79",132.867353607312,1.23077601166229,9.59400651243675,"4"
"80",76.4922596092831,18.8448676761159,5.36328418768985,"4"
"81",-19.4449046529154,49.2858853090188,-4.75364307707583,"1"
"82",0.23560391713316,45.9297833620354,-10.5155536806704,"1"
"83",-11.0156997910439,50.4697627359855,-8.64508531447885,"1"
"84",-13.2846991081815,51.7091120139686,-7.96696162122486,"1"
"85",-11.2393725385069,49.4734665438899,-8.12775436303541,"1"
"86",-11.1658847256444,45.2726230039081,-7.5294392226378,"0"
"87",-20.8530627946393,53.1408762750203,-4.73540102878362,"1"
"88",-12.9538326327828,48.5990291262302,-5.84520394925451,"1"
"89",-20.4058796841313,57.1515030158692,-4.63328362991483,"1"
"90",-10.0330748285622,50.0440936590305,-7.36898656415497,"1"
"91",-4.19674164568806,44.0250389204525,-9.57707627628093,"1"
"92",-15.7072696494515,54.6774971067507,-6.6668878297286,"1"
"93",-12.2273670941391,52.6898084445096,-10.1291436273969,"1"
"94",3.66874676669518,37.2903155992431,-9.92335820665527,"0"
"95",-22.8383758379001,57.2792496057737,-4.09029306232208,"1"
"96",-7.9281350026402,45.9676123653219,-7.64529463049179,"1"
"97",-2.4919075664312,49.2238461901651,-11.7012688449775,"1"
"98",-4.30300161107262,49.1421022135294,-11.8694557154202,"1"
"99",-17.0013873334473,51.8662288309807,-5.95653933006454,"1"
"100",-10.8692917356221,53.5159952081547,-7.08648824290689,"1"
"101",-1.72057680733493,38.270078884903,-8.96278070604987,"0"
"102",-20.2915431220862,57.9221491131195,-5.43811716867397,"1"
"103",-1.55970244959214,49.8409357856768,-9.74555623223355,"1"
"104",-18.2676805457372,54.2266547845784,-7.2079193512264,"1"
"105",-15.4329970361249,51.4083609488032,-8.38225063102518,"1"
"106",-9.57134882331734,49.023235298368,-8.47046353075076,"1"
"107",-18.4039030657136,54.889089745436,-6.77012548735711,"1"
"108",2.30807151240012,45.4631082104637,-12.6955848535115,"1"
"109",-7.80039374420581,51.5288110616436,-10.4224431501411,"1"
"110",-22.4350515741305,56.2661329808446,-4.96216133195313,"1"
"111",-23.6624006864271,39.3982047345023,-2.34383636302049,"0"
"112",-1.96559848754982,34.4689569876467,-8.98250242430658,"0"
"113",4.5408793087352,30.7969670922528,-8.12205427929431,"0"
"114",-0.536325053293528,32.2453730020399,-8.89497446094799,"0"
"115",-5.48985148177073,-26.9545851347979,-38.2103383843648,"2"
"116",-18.7339169109755,-18.6567871514288,-21.5675655221291,"2"
"117",6.10336057632301,-28.6129721576888,-38.1540128696304,"2"
"118",0.0503592710074556,-26.0244629692787,-29.7805883013896,"2"
"119",16.2972977211957,-32.3722580261376,-42.4761434163768,"2"
"120",21.1320331870416,-30.4889938611185,-43.6047127874878,"2"
"121",-2.92346055503304,-16.5142666293833,-20.6074909292957,"2"
"122",-3.1394360705252,-24.1723945696898,-27.8398386535671,"2"
"123",-6.86295159656886,-17.8967421585604,-22.524191048281,"2"
"124",3.6098784166516,31.3815887160574,-9.24573231952547,"0"
"125",-6.40644565321976,-20.310283470747,-26.2537401113361,"2"
"126",-3.12561301367969,34.2246388670592,-10.3742134606206,"0"
"127",-11.1627493790804,53.2289783548654,-8.42253224935287,"1"
"128",-13.6907246161063,56.7352261259892,-7.99885092622366,"1"
"129",-13.8369902825038,54.1368432569337,-7.91199193998511,"1"
"130",-10.5707569305844,51.4671209896877,-9.04667160445544,"1"
"131",-18.1674857170868,56.2099436318358,-6.6247589458892,"1"
"132",13.373472387804,-28.7385370718735,-30.5894810724028,"2"
"133",-5.51529134578511,-16.1549674420887,-25.3995703101825,"2"
"134",19.5775065796559,24.5736990127155,-12.2721812106208,"0"
"135",-13.6769549806659,53.7535286191875,-6.8427986522783,"1"
"136",-7.65634149308409,-15.7306484783147,14.6911761801983,"3"
"137",-6.83696348713391,46.7574752656667,-1.55220947180277,"1"
"138",5.07768560224263,29.2162996437992,-6.5655123497351,"0"
"139",-3.86841653451922,-30.3699224291785,-30.2030376127196,"2"
"140",-4.27735016357611,-33.424551197748,-36.0782695760082,"2"
"141",-2.76507638304897,-19.7956669188097,17.9414526106705,"3"
"142",-16.23094306248,-19.3799004288375,16.7750358347081,"3"
"143",-17.5589338992337,-14.6265153746066,20.1937917142318,"3"
"144",-26.7796127437325,-17.7260154987142,20.7912406895853,"3"
"145",-27.4828658049043,-13.8202586327893,24.6198262426,"3"
"146",-7.3912772931308,34.5572594248218,-8.48502118048217,"0"
"147",-9.11385205427451,34.0494932141659,-4.73126073984431,"0"
"148",-6.55041624096681,37.0612849032582,-5.91359733542701,"0"
"149",1.70605961733391,-30.8005066641082,-40.8537962010028,"2"
"150",5.46236275471877,-31.21939580515,-37.9836315532757,"2"
"151",3.80362652083886,-35.7625609419847,-41.3320686968275,"2"
"152",-9.31463007903671,-15.9886008496967,18.4266506335883,"3"
"153",-20.49498757937,-25.9337499207017,-26.1696573625221,"2"
"154",-17.8461956617784,-22.2183302200424,-19.3463396442033,"2"
"155",-20.7488626317458,-25.7665596000848,-33.7834486644194,"2"
"156",-12.3404403374134,-31.2039899853884,-37.124653686561,"2"
"157",-14.9079374046439,-31.0678583376494,-38.856145082182,"2"
"158",-12.5771328673624,-30.5454213326467,-36.9602260419383,"2"
"159",-10.3989579818777,-27.204687931934,-38.5361683346688,"2"
"160",-23.0128767443986,-16.8816347505569,22.629416485936,"3"
"161",-18.7052834243562,-21.145064716225,10.6430299222824,"3"
"162",-4.35170779689376,-32.9687300029902,-36.1415316177238,"2"
"163",2.92758617549156,33.2290750672556,-6.41162030840508,"0"
"164",-0.677429207156306,32.7464984415519,-7.32930730209658,"0"
"165",-29.937835330073,-17.2572448790399,23.6303537842994,"3"
"166",-22.1954446268136,-15.339053019492,20.9515647590274,"3"
"167",0.484765127298431,-34.6705521171118,-40.0336937699398,"2"
"168",-6.82164596775525,-31.5523908864846,-31.0649815957255,"2"
"169",-6.89155148847285,-35.61957800379,-41.9294281503366,"2"
"170",-2.41848609171854,-33.8842586714349,-44.5134185690262,"2"
"171",-4.44965408163465,-28.5965183497867,-37.6267044939927,"2"
"172",-1.87868323865234,-29.2368518996571,-45.0406204420714,"2"
"173",-18.5956416863332,-24.5266509513059,-26.0019099875732,"2"
"174",-14.86676041403,-21.1776097204442,6.23359371244193,"3"
"175",-21.2682891704853,-17.6318247680684,22.7957407576659,"3"
"176",-23.6956891298887,-12.9903395514112,24.8946869949048,"3"
"177",-31.5550783581589,-11.6750318541303,22.9481778251568,"3"
"178",-29.3380543385696,-13.8053526735401,22.7093303557794,"3"
"179",-14.6122037244616,-19.6092860876999,19.5449941006471,"3"
"180",-17.3292674662996,-16.6468899367544,16.8390048895419,"3"
"181",-28.2804226407331,-15.3497006142931,24.9304158948532,"3"
"182",-34.3900424841936,-21.7360890885754,31.7886529078055,"3"
"183",-18.1951491479922,-23.3800927266326,-20.4086213391453,"2"
"184",-5.65051341001529,-34.6696841590224,-43.6485430014594,"2"
"185",-6.63052180383327,-33.4378320497192,-47.0545371118769,"2"
"186",-33.2088260440907,-16.2672252211173,27.5542749682715,"3"
"187",-25.7109371818609,-15.6335537014819,22.3934893686344,"3"
"188",-19.2856990831469,-18.9968908877156,18.587371954829,"3"
"189",-1.85256123291626,-26.3077401113277,-35.460715932397,"2"
"190",-6.8637034281947,-32.2026288658094,-38.9450690796079,"2"
"191",-2.58786378423717,-35.4806112101806,-48.3008944030228,"2"
"192",-29.1063752908059,-16.7397000783281,19.2086642919301,"3"
"193",-7.93931836567378,-15.5601274212266,10.414424561446,"3"
"194",-11.7796778618843,-17.8699717479538,21.4033902829189,"3"
"195",-18.7130708087998,38.1116896703014,-5.01677774628065,"0"
"196",-13.5308319486599,36.3077038250544,-5.39680419093226,"0"
"197",-16.6877420322939,39.4193005720867,-5.81536852756876,"0"
"198",-9.59277454171881,-27.3170904234356,-36.1708540900886,"2"
"199",-11.1855493593927,42.4562815078389,-6.12463083480402,"0"
"200",-5.23134971848391,33.9424986761766,-8.31750798567281,"0"
"201",-16.4533180122041,39.4290381544003,-5.27170533223241,"0"
"202",-17.0068473233229,42.0558471946603,-5.66092053084171,"0"
"203",-13.7464121234415,39.2272547196675,-9.81342477622315,"0"
"204",-19.2804088107607,34.6884437780286,-6.58945318995237,"0"
"205",-12.6964553411179,38.2949735040534,-8.6845489055752,"0"
"206",-12.3745736937024,36.1552715011794,-7.71361542544389,"0"
"207",-13.3464643036944,39.615395122302,-7.026584020516,"0"
"208",-18.8132613413827,39.2805514693922,-4.98603637211933,"0"
"209",-14.36336290721,38.6100982090017,-7.64031819981072,"0"
"210",-18.8471925014338,32.2400771421254,-5.45069680831952,"0"
"211",-18.9387849777022,-21.6772087622223,-30.553386981526,"2"
"212",-13.87085656346,-14.653374140213,16.6790906346825,"3"
"213",-18.0061204182755,-16.7247466726055,16.9196663538583,"3"
"214",-15.6957119015567,-22.0144090506958,-26.9474892926705,"2"
"215",8.62609900278844,-31.0612604254968,-37.7321884750993,"2"
"216",-19.944822653106,-24.8862283234755,-19.703861948168,"2"
"217",-15.6618186496427,-24.9427996353001,-34.3083770582207,"2"
"218",-14.0887848648477,-30.1131542225672,-30.8976347413268,"2"
"219",-12.5674889955927,-28.1393943355613,-29.9190830913237,"2"
"220",-17.4468293590469,-25.143582718368,-27.2705174855984,"2"
"221",-17.566021022861,-23.4311264315973,-37.6958952934527,"2"
"222",-16.5706794739973,-24.429230144026,-35.0862282123917,"2"
"223",-16.653859225134,-22.0471760867932,-18.9709451033674,"2"
"224",-13.6984954220026,-26.0480844094898,-32.5254859552068,"2"
"225",-20.6800349204562,-23.7034088726181,-32.4490370880073,"2"
"226",-15.0667723201132,-25.5019109123873,-30.022431734692,"2"
"227",-14.7834236173311,-27.4564594443795,-29.6438583516261,"2"
"228",-25.0691956304978,-15.5904947759102,20.8100829646397,"3"
"229",-27.0957168442345,-15.3130526084153,25.3549421230221,"3"
"230",-18.4207354218341,-21.273464072842,24.0785474351754,"3"
"231",-15.8646197810345,-29.3808888631708,-38.4024101413025,"2"
"232",-5.81693883256183,-28.8816231338186,-38.2294397863521,"2"
"233",0.448031836131737,-30.5755689510947,-42.17902789676,"2"
"234",-7.45366961300684,-32.1540845144056,-38.8458858455758,"2"
"235",-18.0193379899535,-13.3253500786291,19.972057593885,"3"
"236",-7.51750644008187,30.528021248375,-9.59140883793994,"0"
"237",-12.2371242435705,39.9973903887943,-7.20483426098156,"0"
"238",-7.97081409205844,32.9812423999647,-7.09910615042403,"0"
"239",-21.5673437611613,39.4218485505803,-4.09553370415832,"0"
"240",-17.8791883582301,43.2370837955905,-3.50969112324671,"0"
"241",-16.6401022378291,38.040643641277,-3.65910682860133,"0"
"242",-13.8860756324189,-18.804828987655,-21.0924383435404,"2"
"243",-10.4913936377603,-30.3798819363887,-40.3786257654184,"2"
"244",-16.9111333399414,-28.0874349865682,-25.6348008358367,"2"
"245",-16.187119618613,-19.0280618540253,23.6487524688167,"3"
"246",-34.3140352832843,-14.5818689281056,28.5154640998688,"3"
"247",-21.8039197347576,-16.36149902536,25.2884358845543,"3"
"248",-23.8610118446819,-21.4200391112738,18.3648986608106,"3"
"249",-36.5377455775059,-4.01383753171848,31.0333386162673,"3"
"250",-16.7314136532362,-11.4469516950679,23.1140680681167,"3"
"251",-27.3486133347418,-11.4953286520622,16.212238608106,"3"
"252",-28.5126278262318,-12.7493246955993,18.6877400039272,"3"
"253",-19.2301414579015,-13.2643263640421,21.0695444894167,"3"
"254",-21.4487332464811,-10.7033866750562,19.9025801150666,"3"
"255",-25.1781212885489,-16.9236183506416,26.7279278777666,"3"
"256",-16.2567751461803,-11.7024834942683,17.6411115778605,"3"
"257",-27.3885052216347,-17.2263644696921,17.997311406496,"3"
"258",-15.7979076069907,-17.7552161559738,18.7485364315639,"3"
"259",-13.3627392325392,-17.3541549936778,16.5871917610119,"3"
"260",-10.4975269182623,-17.0258605477602,12.6383633673255,"3"
"261",-25.2112252205571,-13.4558720424546,21.5295482978485,"3"
"262",-8.10104742926037,-17.3051708422219,11.2058026584118,"3"
"263",-22.1170305463667,-14.3900328139363,20.8346673104401,"3"
"264",-8.69577987590954,-17.3547639439685,11.1592998303401,"3"
"265",-8.75399301245745,-19.876794732099,10.0947488038763,"3"
"266",-17.9869272493883,-19.7940930299416,23.2324453345949,"3"
"267",-19.684959011238,-22.4385981119498,16.1731039354725,"3"
"268",-21.6498784303686,-20.6626960506884,20.0666003576641,"3"
"269",-11.9722778583882,-17.2289878408851,17.1688495771871,"3"
"270",-14.3700532442303,-17.2221198343319,18.8388636539857,"3"
"271",-21.4476124665153,-14.9257763627491,23.424256477874,"3"
"272",-23.8716297443993,-13.9302925084705,18.780163539794,"3"
"273",-12.1009597298547,-19.5369878459059,16.829678715477,"3"
"274",-15.6293148683087,-16.8045783288509,16.2182602442255,"3"
"275",-6.26842714453325,-18.8237971052981,16.5426637667065,"3"
"276",-28.7788277221803,-12.8718048731351,24.3487039095404,"3"
"277",-29.5978053703469,-19.310070861219,27.1511438223132,"3"
"278",-8.92900294945104,-19.3691834672799,10.2094209989284,"3"
"279",-16.3900209622333,-14.4614498861304,18.8699458168676,"3"
"280",-29.9683471753387,-12.6551514526165,21.5148556421005,"3"
"281",-27.3220823964085,-16.8109427841609,27.8356306667348,"3"
"282",-15.5833051164198,-16.268614093907,18.1924759888005,"3"
"283",-33.1157266627363,-17.0268911860517,27.8586325713022,"3"
"284",-25.2605389257,-21.7932598079491,9.68321391408295,"3"
"285",-20.0640269910899,-20.2764204393474,9.87265261962896,"3"
"286",-16.5579600633976,-14.5209929305722,17.6829396163566,"3"
"287",-32.200679298594,-19.6145569420389,31.8907399130015,"3"
"288",-22.6368037415117,-18.1494073515063,16.5352451878592,"3"
"289",-18.5931148451315,-16.0976869466072,16.7808797100261,"3"
"290",-27.49793847798,-15.8173448818029,23.3415933239756,"3"
"291",-21.3696512158218,-16.1677581445978,17.4189956015211,"3"
"292",-26.3810196084017,-12.5944054191692,25.7308297624887,"3"
"293",-27.1988504194131,-15.0498349973509,17.7006512951347,"3"
"294",-26.2931505452673,-16.1487281503836,20.1816736519761,"3"
"295",-18.893428541221,-17.6167435105277,22.2322239953962,"3"
"296",-25.0099671457056,-16.7897097715895,15.5874714037865,"3"
"297",12.4297827885327,-34.8070786338421,-43.9911505494487,"2"
"298",13.5220606861957,-23.1329942655192,-28.537818972429,"2"
"299",0.709920922888846,-19.6929462008105,-26.7520819864353,"2"
"300",-2.75030648124448,-28.4302752428035,-30.715464552604,"2"
"301",-15.8948011304068,-25.7192699798541,-23.2774071254319,"2"
"302",-14.4888580297282,-25.1041887031589,-26.0637485028337,"2"
"303",-9.65311347096069,-27.8119393917832,-33.1649642491551,"2"
"304",-6.34652713860368,-31.866405759105,-36.2143910864927,"2"
"305",-25.6536391617302,-16.9011780172052,17.9827136857235,"3"
"306",-9.59345804915646,-22.8332747131542,16.0329835530242,"3"
"307",-25.9364845915683,-16.9484239481118,19.5077807281263,"3"
"308",-15.759404891648,-19.3865821917694,18.0091020721453,"3"
"309",-6.44479629748466,-18.908166786973,13.5423084420202,"3"
"310",-0.802689600784585,-18.0640018678181,11.3365544011487,"3"
"311",-20.2059215620652,-16.7075009603727,13.9567968765736,"3"
"312",-31.228183625599,-13.6791671001489,23.3142644161651,"3"
"313",-7.40899672283201,-22.1080981085944,9.34238862026385,"3"
"314",-19.3775682324629,-20.453937783808,18.5202883958864,"3"
"315",-17.0830891481412,-18.3551006343253,13.6630336398736,"3"
"316",-2.4862623470886,-25.1705494613045,-25.4539286539489,"2"
"317",0.476764384182749,-31.9057742885215,-40.2902662140528,"2"
"318",-17.4431891153885,-25.818331482351,-20.7908456407191,"2"
"319",-24.3142939340101,-24.4009663137778,-14.669896551404,"2"
"320",6.61268372932932,-25.8867942465802,-38.7613838021575,"2"
"321",-18.6033779675905,-20.8474917878333,-27.3863074001971,"2"
"322",-17.750140462508,-24.3475043461398,-20.4141335626782,"2"
"323",5.55698687012029,-33.6811287866154,-39.1990328078125,"2"
"324",-23.8681415335446,-12.5126460992927,20.1218827237878,"3"
"325",-11.0780723927242,-20.4670105139686,18.9009023935,"3"
"326",-9.12127305594838,-14.2461428944978,13.2677658577651,"3"
"327",-22.1606817977067,-17.2887466011322,17.4335580347174,"3"
"328",-32.4836949049537,-9.74310581517029,25.1460496500062,"3"
"329",-28.5084510541921,-11.261828533478,24.1445910242964,"3"
"330",-20.9681219913116,-23.2565483060638,12.3292335610043,"3"
"331",-5.56910061665957,-21.6124421804607,1.21482896734406,"3"
"332",-8.49701537418496,-16.0344649835115,16.2807959779491,"3"
"333",-36.2158549657725,-9.59286309324395,28.7860090898676,"3"
"334",-24.6861785371773,-10.8700354840959,21.3706535004613,"3"
"335",-17.2305882221445,-12.8032136277012,18.9320675475824,"3"
"336",-18.6448855665432,-19.8011318268427,-11.0817968800279,"2"
"337",-12.7685576471018,-13.7516326501034,15.9100485158991,"3"
"338",8.43257812723571,-14.9665674312312,12.7984068997457,"3"
"339",-8.0880287890185,-28.9352523089574,-31.7444114087106,"2"
"340",13.2980726438864,-33.7162257467613,-40.6616021357004,"2"
"341",8.05674251098807,-37.2138328950855,-38.3524939225788,"2"
"342",15.3301418043399,-33.954071600941,-37.2344429410373,"2"
"343",4.7026089153868,-29.4146496790089,-34.6464556583047,"2"
"344",-5.38794312444483,-23.9809019840807,-35.0894660492355,"2"
"345",8.37586159827095,-32.1204981151555,-42.8492938751516,"2"
"346",-8.92354591023215,-20.3482161948593,-20.532227742446,"2"
"347",1.30982549327103,-29.9131414092027,-23.0612956736611,"2"
"348",-22.223133765083,-22.3119175495598,17.5821957997406,"3"
"349",-6.4179645939839,-21.7400310332647,17.1644606691778,"3"
"350",-27.3629163656596,-16.4530585605557,13.95584436696,"3"
"351",-30.5859881418055,-12.910736267211,22.1439318642959,"3"
"352",-32.875312138446,-12.3769343644381,22.1902252807672,"3"
"353",-18.2576863960952,-19.4828074855211,17.3661145425587,"3"
"354",-29.5498461414615,-11.4662363781275,20.8020840183566,"3"
"355",-21.8251966361449,-16.5458313898859,21.4332731640298,"3"
"356",-31.665022571634,-14.7669453940915,20.47128603276,"3"
"357",-29.647834331795,-13.7594831735813,22.9506129722131,"3"
"358",-12.035141501324,-16.6562470704985,16.813869627826,"3"
"359",-18.9748753409199,-12.5638811277447,22.498327981724,"3"
"360",-11.0760791858821,-15.4456305743756,16.9431802552002,"3"
"361",-24.6550291511512,-11.9494514367367,22.2939369501021,"3"
"362",-30.1799274537935,-13.1485745391436,19.8585342624532,"3"
"363",-30.6896808042875,-12.8437981228306,15.6206858291405,"3"
"364",-22.9118143151742,-15.1328912857645,20.0538329917072,"3"
"365",-21.7966324473386,-17.5829762309681,13.1643040676986,"3"
"366",-24.2451383680053,-17.2002046189602,14.2535308932776,"3"
"367",-25.9694588136101,-18.5073884670948,16.1510382927519,"3"
"368",-13.122382173402,-12.2224502710187,20.8043337802709,"3"
"369",-7.51153981926056,-13.3551606279724,15.8050200990092,"3"
"370",-8.83995179135815,-13.2444847175201,18.4730366153805,"3"
"371",-28.0560479741615,-9.09251188986912,20.8508770407462,"3"
"372",-17.2095582838798,-12.1419068127708,21.1885522733641,"3"
"373",-6.80373712154271,-15.434106106993,16.1946627386919,"3"
"374",-18.7801727186477,-12.2307828523604,19.7869742541106,"3"
"375",-26.4191160682264,-9.70643170956093,21.6520969909879,"3"
"376",-18.3079443856411,-11.8850309438521,22.7466007401247,"3"
"377",-28.2679099585434,-10.3432708355176,26.1673584390476,"3"
"378",-28.7308237936271,-10.8501859569477,25.7604904052543,"3"
"379",-9.4592037910563,-13.9810859377177,17.6325923172874,"3"
"380",-27.0560494393648,-18.6408319709263,22.9058348226677,"3"
"381",-9.90245837742184,-12.4836743657797,17.0538384743176,"3"
"382",-30.2435420257483,-10.2631989295876,24.8909742090875,"3"
"383",-13.2303491590963,-19.8747893874205,22.4267860369405,"3"
"384",-17.5202240075405,-20.435011321465,22.4418790180275,"3"
"385",-32.7988846403634,-12.0141574795087,29.1168155945481,"3"
"386",-21.1613373128016,-11.0525026099552,16.3049146225553,"3"
"387",-30.8919689206375,-9.51482542431885,20.6878638160454,"3"
"388",-31.3434064049845,-7.50967637251336,23.5718372465799,"3"
"389",-25.2711984759062,-12.9649744779078,22.7759557488776,"3"
"390",-30.3523050139726,-6.50355705222881,22.2955110560475,"3"
"391",-28.9259204960894,-15.7056688991902,27.8139412727357,"3"
"392",-24.5095621397494,-10.1106394066194,19.6754477906688,"3"
"393",-21.2750360324579,-12.9747770802222,17.5997939669179,"3"
"394",-35.578172636208,-10.0189920368032,19.1627263603045,"3"
"395",-24.8789574507253,-12.9763966585742,23.9060933177473,"3"
"396",-31.4881745884123,-8.94407842963129,21.6740427386432,"3"
"397",-31.0563796217292,-13.3241501269508,23.9178861036374,"3"
"398",-37.3822190119142,-8.98596559287576,23.9549981048671,"3"
"399",-26.9788530597581,-9.83184855302959,22.4400347006181,"3"
"400",-12.9272471611217,-11.6115010857097,-17.0789876573195,"2"
"401",-7.38567380891154,-26.0661560253609,-47.0288459139085,"2"
"402",-35.8075238869893,-9.26966606222885,20.1645131558373,"3"
"403",-4.84265242029779,-26.2485186482879,-36.3279100422144,"2"
"404",-12.7753400246856,-27.3494216726221,-34.9266047300684,"2"
"405",3.98865667855735,-33.7541413807546,-45.5850309384612,"2"
"406",-18.0759832221196,-10.5876194238065,15.9332250736423,"3"
"407",-27.1302979812484,-13.0546230747431,20.3157756977052,"3"
"408",-5.22788777619221,-11.9756453351541,12.8171151895875,"3"
"409",-26.593723969102,-13.0858830500538,17.4076483217475,"3"
"410",-3.57756774777356,-13.3594351270016,16.4726233430165,"3"
"411",-8.29096604995341,-22.6827798554951,17.8065428847508,"3"
"412",-9.46236819294079,-17.9292490712705,13.7140878383635,"3"
"413",-17.2736736359131,-14.8251086083198,20.0397645405074,"3"
"414",-5.02216468725907,-13.7850279220608,15.0356319090798,"3"
"415",-17.7460306661086,-17.8566950728557,23.6098207933967,"3"
"416",-20.6811821962387,-16.1552849412341,24.3843326831815,"3"
"417",-16.219555869792,-12.5727890313853,18.1979075426326,"3"
"418",-3.18731552475712,-11.9453233742516,16.3301898131322,"3"
"419",-5.8276739822799,-24.4947443000094,19.2911163173834,"3"
"420",-3.85866727860033,-16.8121455641592,9.13971294666275,"3"
"421",-8.7256085858768,-23.0620309573323,22.2655253046383,"3"
"422",107.51169213251,-1.38174443380972,1.0344092087822,"4"
"423",-33.2863338534185,-7.91568126367072,21.3614926813436,"3"
"424",124.348154097623,2.4195505462717,8.8218194677923,"4"
"425",143.744353671694,-3.0720551522459,10.1797064267055,"4"
"426",131.276498360741,1.85934021444861,11.2757420507707,"4"
"427",89.9865822640657,14.3089120056422,0.99350532721069,"4"
"428",134.327192521548,-3.19484570671083,8.03360067298529,"4"
"429",128.407058096599,-0.137468776778957,9.88760603012963,"4"
"430",105.434107980976,8.50164038054425,4.2751511482065,"4"
"431",136.908194225924,-0.622077617252517,9.5498185328997,"4"
"432",144.079308045535,-2.82699852243824,7.84568191463644,"4"
"433",113.467891461093,3.74619108587243,3.12250320798113,"4"
"434",146.148466597319,-4.97427975138475,10.6423860673829,"4"
"435",135.977162516155,-4.06328595392385,6.71823480124744,"4"
"436",126.390425077786,2.0767785615926,5.14881674359934,"4"
"437",140.963889085153,-2.35250859009838,11.0287295152908,"4"
"438",127.293370337769,1.11650992764869,6.33712168801844,"4"
"439",149.28087990174,-6.98611180406964,12.6093529213973,"4"
"440",131.192904516546,0.900625738792971,4.71694412083673,"4"
"441",128.812813601006,0.148159460862837,10.5854341275535,"4"
"442",121.116091342212,3.149490985763,8.06135899027828,"4"
"443",139.095616879807,0.0124024845223462,8.98827992211137,"4"
"444",126.950983797605,2.44131588260941,6.23154461356378,"4"
"445",118.907608510155,4.33799939662663,9.34053342271168,"4"
"446",127.155356402224,1.37947465778621,8.88639543588623,"4"
"447",133.010909082019,-0.0572007809342138,11.0376202188154,"4"
"448",144.723473075919,-4.33423078276543,7.05454147086049,"4"
"449",149.0913122998,-7.07404625546617,11.407183310666,"4"
"450",-3.16612217345486,-18.8104114305592,8.6587678920024,"3"
"451",-11.6199613977023,-14.0600685059848,13.2230577030249,"3"
"452",-0.0999664497601735,-8.09049387475472,13.0443936962533,"3"
"453",-3.96648024685513,-14.1719867857679,17.7116351297213,"3"
"454",-5.72516532006169,-16.9193948777826,12.2472986713622,"3"
"455",-20.7108482583154,-13.2415141371568,20.1583977463319,"3"
"456",-14.9039142266601,-11.9535896119908,14.1489487696401,"3"
"457",-8.08658612111585,35.4919803394064,-8.0103807232866,"0"
"458",-22.4611346177771,43.5803225971848,-3.91231300768653,"0"
"459",-12.5423569117946,37.1731690057349,-7.51264203359349,"0"
"460",-2.35201445230206,36.4900890513641,-9.47591766665337,"0"
"461",-18.2357798563461,50.1529641692611,-7.3880959822508,"1"
"462",-19.8390962211832,56.794162175328,-9.32587064408503,"1"
"463",-18.9124404110295,43.2727796091354,-3.23093426736964,"0"
"464",-15.178199531912,52.9991817473634,-9.44578931944854,"1"
"465",-19.8520827358367,40.457418447447,-3.07489495408564,"0"
"466",-10.4532096127682,33.6774928227335,-5.20710720130829,"0"
"467",-25.4449251348775,-21.4238159788381,-36.2228065346961,"2"
"468",-10.3671079074763,-22.9440177773474,-28.4696159877468,"2"
"469",-6.20729610818968,-20.7831134957005,-32.814433655772,"2"
"470",-12.1414166068742,-21.2538160725335,-29.9170717311493,"2"
"471",2.96579543508013,-32.3323168488489,-38.9508303729953,"2"
"472",-13.6732256125481,-28.6013595805469,-37.4822420811025,"2"
"473",-2.60308562687131,-26.3178198502033,-43.1782267835663,"2"
"474",-15.1985384490611,52.9125344628587,-8.93831551158424,"1"
"475",-6.47965199337914,-18.4417140966567,14.4354365532088,"3"
"476",-16.1976016106144,-18.96153015908,18.8158560144824,"3"
"477",-16.3957821243102,-14.49652109289,-28.2167308304739,"2"
"478",-2.21571498051027,-21.4122933987499,-35.8288292001197,"2"
"479",-3.17656400120929,-27.3777022950822,-45.1707985031107,"2"
"480",-5.66023597298526,-22.9220047327072,-38.4779776504631,"2"
"481",22.7893989435919,-37.6480125508684,-54.6511723423619,"2"
"482",5.88383490730563,-31.0950945548152,-46.5058595700325,"2"
"483",-5.17421102113241,-21.5163212455723,-25.7022199904057,"2"
"484",-15.3763723167727,-14.4602912028987,14.4899544993758,"3"
"485",-16.9336261680836,-11.6172818760512,14.0264358216018,"3"
"486",-27.1991487259985,-19.6407600090715,22.6050632379297,"3"
"487",-17.3561753651538,-16.832347546031,23.4215494826435,"3"
"488",-14.2021271131364,-19.0737877291337,18.2354763752888,"3"
"489",-13.8051281790793,-15.7328081530224,19.6672383177245,"3"
"490",-24.0260720574759,-12.2709157083062,18.8666474094774,"3"
"491",-21.0205872981104,-12.0886700865722,20.032273415848,"3"
"492",-26.9893724125103,-18.5809492556346,29.3772713850345,"3"
"493",-20.0763382748184,-13.6909557523286,18.6418868262275,"3"
"494",-18.8297622793534,-16.795282980896,12.1327030874382,"3"
"495",-14.7040916732537,-14.0738949236988,16.6441921889602,"3"
"496",-7.65184976259571,51.6294281373443,-8.23055158673159,"1"
"497",-10.3440575858047,-17.181879339642,10.6417713878518,"3"
"498",-5.20957683205132,-16.6468690640946,7.90291318141505,"3"
"499",-10.2111056769575,-16.9251751011548,18.2443419465388,"3"
"500",0.160100408876014,-17.9300574656264,11.3335439144902,"3"
"501",-6.35934789373548,-14.1400595769633,15.7836635149784,"3"
"502",-13.5633946636968,-15.1319101776856,16.9990126724997,"3"
"503",-11.6479397926503,-11.6758951388971,14.60970339284,"3"
"504",-3.47513840670534,-13.9685572044436,8.84856442652868,"3"
"505",14.9803686678234,-20.3126250450768,9.98805944185362,"3"
"506",7.19719017521087,-17.4192603033069,11.216502725221,"3"
"507",-4.50108776181344,-13.0817814796336,12.93789819695,"3"
"508",-11.56129969879,-12.3197605028358,15.3883461513336,"3"
"509",-12.8256147724689,-12.3271437849597,18.9514677814342,"3"
"510",-12.9158075014051,-13.4233260741438,14.6253845662894,"3"
"511",-13.0661273802172,-17.7228907148139,24.2164108813179,"3"
