"V1","V2","V3","label"
24.6931155557033,-57.3690821798507,-7.20499835907259,"1"
27.417912649864,-59.6195295914648,-4.03489675286982,"1"
20.0707102244776,-49.7496533702118,-10.6714413502843,"1"
1.89846209732839,-31.9404567594556,-43.0267556943333,"0"
24.0328747871353,-55.080857815461,-7.21229546383412,"1"
21.3342043412163,-55.9215363705206,-2.77224140174581,"1"
21.9907008895567,-55.1692694707964,-7.45918060768781,"1"
26.6617084567397,-55.830782492957,-7.14279507693034,"1"
25.1421191025528,-55.630629532355,-5.28225536075691,"1"
27.5603263952142,-60.4239572896624,-3.633922739624,"1"
23.6733849028185,-52.2113338320819,-0.972444992615077,"1"
6.44233091676977,-5.21948239121612,-10.6447978260118,"4"
-1.72379460667728,1.78545825473862,-16.0691439611038,"4"
1.46880750593453,-8.56367105015383,-17.1000977897635,"4"
7.14470523704034,-8.29860646114272,-9.96241630900028,"4"
4.1629845461527,3.30296478463979,-16.4594216976544,"4"
10.3649457293342,-4.04455249567577,-15.5000269200383,"4"
5.02919322043933,-2.14547060022569,-22.5953562132798,"4"
0.790971366203427,-18.6103634100373,-67.9615292099035,"0"
36.6453120157917,-51.4563625345505,3.61722919662716,"1"
-0.624446995695635,-18.3857846889649,-67.542903021867,"0"
-1.52950360695395,-28.379674522532,-50.4004383395862,"0"
35.7436299368443,-51.3088379267077,3.88838672219981,"1"
-4.29481029266059,-34.6136414659764,-48.7433767019096,"0"
31.1982609017661,-46.8845855353402,4.52298152131828,"1"
-3.51425916439387,-26.6984323145439,-53.1108406252989,"0"
31.9740511203057,-46.4949994748501,5.68654722468487,"1"
-1.88441670623316,-27.0857614909782,-60.5368486586356,"0"
36.1803773205018,-51.2986753453395,-2.3990015889463,"1"
32.7570187288755,36.749474873431,-11.7788080555994,"2"
44.2057997380705,39.8758303457578,-3.88489799184611,"2"
36.4573287550698,-51.2455238254732,-1.7427710580323,"1"
34.5946050378864,-47.2607277212787,0.517292569956795,"1"
-3.46369975147204,-33.6051647178193,-49.1528395831985,"0"
-2.70938457040021,-21.3022095466106,-68.1901457713496,"0"
33.1785839288252,-47.4231139145846,3.87460023168814,"1"
-0.740407647587324,-20.3638202725499,-67.0724947791661,"0"
37.409547650733,-49.8621687591163,1.53053188875434,"1"
39.3036134046728,-51.5529945272089,3.10718727118701,"1"
34.6177204995324,-54.9769817800954,-1.95452390940243,"1"
37.9180602043874,-51.0805741288679,2.47417516255348,"1"
35.1884048977448,-52.0410570236827,4.2491392025274,"1"
-0.333778589799705,-30.0809407497311,-49.1192730501212,"0"
-2.0964604308582,-23.5496754371442,-66.1401553389175,"0"
-0.844729411527722,-21.3392240327422,-66.0728934659432,"0"
33.5212933663371,-47.8963458210934,5.56591977764967,"1"
-2.14943138540796,-27.9413872258015,-60.1187891734459,"0"
36.0920369649129,-51.3710883747412,-5.37543610184711,"1"
-1.40044941774718,-27.1997145386402,-58.9660626272334,"0"
1.68742196815361,-35.5638967846658,-50.3415916279802,"0"
-3.26591447524774,-32.97078395564,-49.4825087680987,"0"
-3.98298029255234,-31.6402310831547,-51.3810153143612,"0"
-3.42258382793655,-21.5312609519464,-65.1665425522766,"0"
-3.19708313891533,-29.9114991017944,-51.0060246082409,"0"
32.443559749455,-47.3237611872312,6.59592403317322,"1"
-1.32102493798137,-32.8868686928213,-48.4980359169481,"0"
35.4032863394369,-52.7394524635235,-1.69888718198391,"1"
-4.99578178816461,-33.1131355207394,-50.5997707231807,"0"
-1.08914691183699,-22.806405306373,-67.1073647359475,"0"
-0.907517916177468,-24.22872524667,-64.5500164523658,"0"
34.0643986761262,-46.6100285903019,0.432101847174792,"1"
8.40550859891611,-11.4266019688073,-12.8562159096209,"4"
8.41713696472444,-8.3416718970305,-7.5147572047761,"4"
26.6080966629791,-58.4813343537174,-4.45723602132864,"1"
1.54492140561662,-5.16184460372659,-15.9408547508204,"4"
8.35665174999184,-2.37827866711161,-12.488411716817,"4"
2.14707695850525,-2.47328089336726,-19.853134349559,"4"
8.23803492189098,-10.2597581335852,-12.8018002707625,"4"
8.6257114005462,-5.91664007526814,-13.324861229896,"4"
10.3656481266243,-5.69005799008967,-12.143896726781,"4"
-0.589979817591762,-5.3763287484945,-18.6950049844389,"4"
0.912206226007316,-2.75217312961027,-16.9840426328093,"4"
2.24430499965103,0.289229741224177,-18.1257358520054,"4"
3.98128428043639,-5.63536520752853,-19.0659496607566,"4"
8.99706265813037,-7.28776526837506,-10.6398018620596,"4"
2.64198496056083,-1.40451614297029,-16.2830504425152,"4"
2.5275176843098,-3.81583341028788,-17.2269140462433,"4"
7.67816280649047,-6.27458746060666,-11.6697851528145,"4"
7.43359089512327,-6.32423390084804,-19.9330265626234,"4"
8.74966680169043,-5.66352369732842,-8.92999382145947,"4"
23.7953314653922,-45.8577976178924,-2.7134562833629,"1"
18.3024121385058,-54.9118910333333,-3.67359910870855,"1"
22.6992034940093,-54.7322689823812,-2.97884116832662,"1"
23.6456151411057,-49.5350800968129,-3.63998785155293,"1"
20.3741669042616,-50.0240773320578,-2.68981971290542,"1"
18.7334128190209,-46.9671842864501,-10.9791422386353,"0"
26.5640272125957,-48.2771577620701,2.58374564615288,"1"
23.2310297449322,-45.466712811036,-3.16259629071934,"1"
28.4403573295599,-46.4396422423983,3.73948107785126,"1"
24.1914747708192,-52.0566683077616,-5.54186965512884,"1"
19.4029544004191,-48.5755313714683,-9.53960191873794,"1"
24.6444927764857,-50.3799460542,1.24250280076408,"1"
22.9010283855987,-52.0915141648377,-2.82087061658957,"1"
2.84337435306194,-31.4872227104599,-43.7113905282995,"0"
29.6316517779669,-46.4716618213711,4.29556026277535,"1"
19.2010821808175,-47.9763748728649,-10.1816897521147,"1"
17.8317229309786,-54.8439006808436,-5.83981357802116,"1"
18.6356931573536,-54.3856605199524,-7.34777593973028,"1"
26.0030203241829,-46.8948089660047,1.95057041467515,"1"
22.0218066865862,-52.2964471600865,-1.73034157647903,"1"
3.9831750939927,-30.8212031191334,-44.3519446037614,"0"
24.7046444142211,-47.4171923435031,3.78378552322089,"1"
17.1602876759247,-50.1141054593023,-2.95799332225403,"1"
26.3038887108424,-45.9475449695573,1.99861634730207,"1"
23.6894746370631,-48.7522276450585,-3.58065003781916,"1"
19.3048953491215,-50.3625917709918,-2.538688962621,"1"
25.7408000138923,-48.0319902882187,2.09981696010529,"1"
17.7906441540264,-54.2511932709782,-6.88208138046308,"1"
18.1538052081909,-49.983424061332,-2.57391586252275,"1"
31.9938073951066,-45.4277875027692,5.11286127537029,"1"
2.21246065072011,-18.0371358997398,-64.8270612515105,"0"
-11.1285906573199,-32.5242261122885,-48.7084304120294,"0"
-10.7376625946384,-34.3768545283521,-47.4411132355473,"0"
-10.3105599220301,-33.4799359253384,-48.2205897116728,"0"
40.2990909625868,33.2409357033367,-1.57561543465876,"2"
44.3226733649784,45.2340931027753,1.26071807791685,"2"
40.2537555001968,24.4315539120892,3.14291741889017,"2"
42.2781942993598,27.9936504461136,1.37646136739896,"2"
37.321999675757,22.2911029945881,3.16524698374566,"2"
38.4107125264585,22.4201662645357,3.04062148987872,"2"
43.4693870191448,30.16924987484,2.04831893906106,"2"
43.5122650341745,28.677194805373,2.32015179642743,"2"
49.1419594751465,30.8402447548381,1.41743865320975,"2"
1.41410834936121,-31.84481216684,-44.1838272684639,"0"
44.3035085212126,30.3865888447821,2.26942119550995,"2"
4.59380176569041,-30.2490115416955,-45.0643701239729,"0"
25.7068495105081,-54.591669316701,-7.66161190964603,"1"
24.4623729997305,-53.4720208675853,-1.3442953723006,"1"
24.0263357797504,-52.4870743415645,-3.01295734901164,"1"
24.7921276504122,-57.2607590058296,-5.92609176772885,"1"
27.7347398126618,-52.7603896265711,-3.9775587100632,"1"
40.6488689015835,25.1706070076909,4.51445027757299,"2"
44.1925444928711,31.5682741727788,2.62207191204598,"2"
1.72937372230594,-32.1884569294081,-41.9682792606404,"0"
30.1485298731767,-54.5491994217815,-5.06088285770922,"1"
-37.6250196857029,-16.380211647325,20.8771588010288,"3"
31.7966184398021,-54.1731051303543,-5.19289250627202,"1"
-11.8169544638605,-33.6855446296899,-47.6503090724939,"0"
49.5706468129651,28.1236850762164,-16.9208919001726,"2"
50.6879580313266,27.9143814863867,-16.9920250774674,"2"
-38.9325705011311,-16.5966380499449,19.6861824394397,"3"
-24.8214616210017,-4.1754982348621,27.4341938353973,"3"
-20.8132413542016,9.64447273193975,32.3104455417914,"3"
-29.0519287657125,10.3019560111406,30.3662253280522,"3"
-36.0850231905131,18.1703084132173,23.6080392591566,"3"
-7.74222258697608,-29.1388116996835,-53.1764355991643,"0"
-6.62237978328897,-28.2353509775832,-52.7926975582902,"0"
-10.4858492382667,-32.2591993078119,-49.0463668120051,"0"
47.7184896775466,28.1055784791509,-17.0696914004015,"2"
47.230467867748,27.5887913618891,-17.0914667646539,"2"
46.4078723746944,27.7534659813544,-17.6301195299001,"2"
-38.2547704266975,-16.5031597881499,20.3001428636546,"3"
50.6027446771557,39.1096692477478,-7.65177665487016,"2"
48.2824991884532,36.0517643483292,-2.64989816115745,"2"
44.8818656039692,40.3989605199238,-10.0556338303828,"2"
47.1822500760105,35.316143769983,-13.3415379316024,"2"
46.3395424263231,37.87633149111,-11.766288200902,"2"
46.8416708161438,36.8830932316703,-12.4235951035656,"2"
38.7054881648196,39.6388544538312,0.174883643079497,"2"
-35.9805712471757,6.51108532291554,28.360397766866,"3"
-39.1574104843428,7.62922102917998,21.18597818988,"3"
47.0772434989364,31.4623441584336,-12.5149686176546,"2"
1.58020331391622,-37.6177400512804,-50.7026434745805,"0"
1.59415687390588,-36.3064022896303,-50.4997882620653,"0"
-35.446578571323,1.85724669862,41.3509926814035,"3"
-31.0034741205479,11.8632473960329,27.221175621488,"3"
42.5226899053095,31.967634424758,-13.1923676605251,"2"
42.7987269729727,32.2673847539799,-10.4454271525336,"2"
41.7915563451917,35.3613258515929,-15.1194110046205,"2"
41.7900060680828,33.0776370770209,-14.058040640106,"2"
42.180987146448,33.6517762923343,-10.7730131576328,"2"
42.5501668746996,32.5069171259244,-15.4285768417116,"2"
47.5691481118229,37.9514007506126,-9.3089663700848,"2"
-18.7652024266529,10.0063613644895,38.1094889838238,"3"
-29.5541406395195,7.12403329249325,30.3902420842373,"3"
-35.5721198083957,8.12889018754413,29.1572888693223,"3"
-23.2020860108057,29.0025982105737,29.9233131626477,"3"
-32.3091618397995,25.4169680560603,22.3600028052211,"3"
-28.7533179813265,-4.72805882501735,27.7380625411504,"3"
-28.3231551297685,-5.28104575885446,28.9645043352391,"3"
-22.7152640846579,15.4515291526364,37.956928031693,"3"
-35.0517734044223,3.96863943836409,43.6953410441418,"3"
51.1284996869073,37.0068299373224,-5.18019403424086,"2"
41.6735175504483,35.8531087337771,-17.0442633536542,"2"
42.8180105023768,36.3753003794043,-17.8342221750488,"2"
-23.6210039832923,27.6440229752327,34.0734164567374,"3"
-24.0035790985524,9.14030983214777,32.8875419652883,"3"
-29.0070862208917,6.204960256684,31.1929984323433,"3"
41.1781289971589,38.1969598575553,-12.7448644628486,"2"
47.0342043516734,37.288491792654,-16.3585624875441,"2"
47.2973531160297,35.3206333695052,-15.8604597235534,"2"
-21.3055541252644,18.4445204775525,33.7603299752457,"3"
-28.1044717348605,-7.42444293224618,30.5091576313135,"3"
-27.8488576553889,-2.63797738082311,18.3839490527017,"3"
-0.216795932181751,-21.5269551377826,-60.7327134492006,"0"
2.17603291575883,-20.886324245907,-57.374734972322,"0"
0.969900905776932,-20.6157384929961,-60.4950406242861,"0"
40.207248279635,39.5681278277815,-0.0994187850607084,"2"
-1.53890631252451,-26.0526092654664,-51.535051525255,"0"
1.59679404607872,-26.9649818326215,-53.1559436427016,"0"
0.35180576308426,-24.1748243027258,-54.9818584251489,"0"
-0.0767040578049285,-21.7462029593185,-54.5517866926662,"0"
0.0329641428101231,-25.2509676280489,-55.2775015176867,"0"
0.904261960356457,-21.721395887492,-56.6172940385817,"0"
-0.767317015513756,-20.2579005399113,-59.5549147120485,"0"
-0.84775910242816,-27.2100624044586,-54.3222335868502,"0"
0.0875112732759881,-25.9769575693123,-54.1149106225119,"0"
0.307777849394504,-21.2196081529791,-64.3948501064483,"0"
2.14151158418343,-23.3215306621144,-56.1993805558753,"0"
1.46787495347158,-21.0742447929124,-66.3223140111699,"0"
45.2199433129549,43.7776309646517,-10.0239524232627,"2"
-21.0876863741022,10.9265888833415,29.0047028683463,"3"
-20.1170142543278,9.94056351902625,32.0869998838179,"3"
43.3971940331307,44.5880343336895,2.40496291634036,"2"
38.3282061510694,25.9293306559484,3.6876059386492,"2"
44.0512979874316,45.7617439763517,2.94974511735889,"2"
43.5699829631669,39.7621502322874,-2.448838988562,"2"
42.0083947808609,44.7562057588919,2.58578187923574,"2"
37.1507392781212,32.1102760386542,-1.39015683738641,"2"
42.7589503322831,45.6923387325142,2.57655436381532,"2"
46.9629513531065,42.915356435075,-11.2440774461137,"2"
45.9578720703178,43.0561997593777,-10.5791866541219,"2"
48.4467401763142,35.426433156781,-2.07624838643796,"2"
48.4334242939075,38.1248184343259,-11.3862835032594,"2"
49.8551284733155,44.1454349291552,-11.8137949889564,"2"
50.2948622999415,38.2441171289818,-8.88114895943293,"2"
50.7031902269991,38.8867158585972,-10.035954680477,"2"
-19.8371012415459,11.7317056211665,31.2880331753829,"3"
-29.4913109885004,12.0214422354724,29.8170010737924,"3"
-40.281652933155,-6.09286027380617,32.7137797312376,"3"
45.5898458310282,39.1455007257936,-12.4610357113961,"2"
42.7756535587882,35.0845483320812,-12.4997190892441,"2"
41.957946950222,33.4672836923388,-13.1639035998154,"2"
45.34833954197,32.9205641176905,-12.2417110442071,"2"
-25.9462219682643,-7.96773320781954,24.1817563962866,"3"
0.269294625128502,-29.0267232660764,-52.1517510621879,"0"
-2.05100742135625,-26.6716883322251,-52.9236797934519,"0"
-1.245790615271,-29.8472728758885,-51.0120351176942,"0"
1.25174854684557,-19.9530267294636,-65.9968960892654,"0"
-1.59671471869132,-26.0310211820546,-61.2844491885778,"0"
-0.0900570918854019,-21.920403935505,-64.0763436341937,"0"
46.922181433095,37.0875792193517,-2.58175316522567,"2"
43.9307942391827,38.5562623153963,-10.6094423729417,"2"
51.9330623972714,37.6035801553912,-7.83419034445719,"2"
-38.0113950941769,5.88686689548337,25.2957587813345,"3"
-23.7035734507725,16.1667800213806,38.4059785956333,"3"
-36.685630232559,5.45481162984706,28.075109576771,"3"
-19.0366771714566,11.0805908061156,36.999453527802,"3"
-25.9833519427124,15.7859766323161,39.3174091751812,"3"
-37.2564639238567,-0.767325534170219,25.2620416771527,"3"
-29.8497043295145,27.8695856038003,24.0352531981389,"3"
-22.4967807900324,27.9515377105076,30.1607416302421,"3"
-18.7718230270008,23.3852404585828,31.5193947557442,"3"
-40.0838167393573,18.5319305347367,18.7160089687363,"3"
-31.0760974113098,13.1176957933601,35.7150203505953,"3"
-40.1744897964507,18.3945267741161,18.2336115322238,"3"
-19.1898602899262,20.9752217483021,32.2693964320518,"3"
-34.9096506056088,-6.81854790047983,25.5562126471366,"3"
-30.0470289836523,-8.71375045835156,23.2967199732409,"3"
-34.2545177348056,12.7834002244518,8.34599636074779,"3"
-34.07362921874,19.5248533158738,13.5577066901977,"3"
-31.4253093585652,-9.07389641267537,23.6542421036658,"3"
-27.6025302310257,11.7257795254741,29.2714862390885,"3"
-32.8167675541871,-11.4097100603326,24.2606512388637,"3"
-31.6941081590143,-12.1182091952651,24.0933792039632,"3"
-40.1096969784918,-0.661152702589254,30.6821711589015,"3"
-18.724284359783,11.2478777218883,35.6308999969129,"3"
-38.8499516681863,14.7633488178958,23.2788842988359,"3"
-35.736270572491,-5.28301180790401,26.6046743556984,"3"
-37.4701866846798,-4.21153244714063,26.6430291160958,"3"
-29.9712297608703,0.274430392394175,28.098786540079,"3"
-34.9526964407215,16.5421322897057,20.1379103443122,"3"
-35.3826988659263,-7.89326444265995,26.5068065871659,"3"
-30.1927832509231,-0.90024799611261,28.0680245176581,"3"
-34.9986436445763,-7.2100250187035,20.8872764531043,"3"
-22.3810326846931,15.4957760242005,35.9637791735973,"3"
-29.591374040563,13.316613552055,38.6026235016483,"3"
-32.0149995490845,-8.53293666015517,24.0658635014724,"3"
-37.8611642351835,-0.153541710631666,26.4952798826213,"3"
-22.6033672573028,17.3903578243958,38.2546752742182,"3"
-37.876965103169,3.2557883706018,39.3644404194347,"3"
-38.2054954572247,-0.131059427963143,27.4848909428682,"3"
-35.9602319542295,4.18897594178404,42.8805462043393,"3"
-33.1725293236629,-0.871603961261231,41.4664935037053,"3"
-32.059120241738,-2.66051646411137,39.8693397900289,"3"
-33.5600161220004,-3.96183386960922,26.5720969140857,"3"
-29.14720906315,13.3617237757595,39.3457055242201,"3"
-36.4776335061756,16.4329924811382,19.5382764632747,"3"
-28.4497343565932,5.2028429311292,31.2200089888306,"3"
-28.9726753790418,25.7362449344465,20.8197295819118,"3"
-37.2212042229909,14.6435320245023,21.6376529147735,"3"
-30.8127125302028,24.8965088002871,20.5923811655055,"3"
-19.2732226663803,24.5622152771044,32.49553401932,"3"
-30.5647436225804,14.1197522472466,28.6723571548247,"3"
-38.1409696695307,6.50031688348194,24.3578000545297,"3"
-36.7366819605679,16.2414315744585,21.6273143117729,"3"
36.1035615799812,24.7969803293074,3.19046521580708,"2"
41.9464126875732,28.1274444067707,5.11387605144946,"2"
42.6344702534791,31.766852267474,1.43512081140705,"2"
38.4760017553193,31.2394919469158,-0.00972492775238424,"2"
43.0221364123598,44.6370662969163,4.03699466495575,"2"
43.5012770742544,35.9099151247537,1.19010519892822,"2"
40.682387680055,37.5158986400783,0.404114438399473,"2"
36.8246917981578,31.6522270495025,-0.874117727771903,"2"
-19.3254119339674,20.8546433708331,33.010211510151,"3"
-35.4636829016864,-7.97949225475273,29.1077270509231,"3"
-21.4904915495203,15.3698454264055,38.7707738249294,"3"
-34.3154428894885,8.85743771689861,9.22395121000069,"3"
-32.7019083585973,-7.23890703835291,16.8672479507331,"3"
-32.1968954714148,-7.61833545513688,16.3734480318541,"3"
-17.6772971962219,23.2692815480963,32.2028473340972,"3"
-22.0410349017769,16.3258053981811,38.9006132900798,"3"
-34.0391280480615,10.1310181437953,7.54877826534913,"3"
-24.4930562596399,-5.88467143033591,26.2685271791646,"3"
-38.4023447758423,6.89861346268071,21.781957488124,"3"
43.1392870736841,35.0380999365045,1.73693652310158,"2"
33.906233470352,24.693545330161,3.11934423467919,"2"
50.225667805403,30.9642720061913,0.747085641889173,"2"
43.9700687116107,47.0772208596199,2.43465712744401,"2"
41.4949773863437,23.1563517518211,3.38062646812119,"2"
42.9688708186593,41.1612651266239,-0.872915358534603,"2"
44.1911021800719,45.4064039030424,4.66368810743897,"2"
37.2259956102191,25.7634318599278,3.12157824550392,"2"
-22.2922005101276,8.78114121451324,33.3319601950053,"3"
-29.8239983052914,-7.5191661783224,33.9014046066073,"3"
-28.1157689585979,-6.73719540206011,29.569937511965,"3"
-35.8734070890778,15.8795543482627,21.3652093886843,"3"
-34.4947623207012,25.1196309254609,22.4583135198314,"3"
-30.0318226062776,13.6710483350928,29.3901702219053,"3"
-31.6500845242551,-2.8628898606597,39.7349697144159,"3"
-30.977293327004,-14.0592799543346,24.2302093940378,"3"
-27.4679843801446,-12.5760627353911,23.791850818201,"3"
-24.5140732844151,27.0735001953096,33.2647548530566,"3"
-33.5401339694792,16.7493932654007,20.1203066416119,"3"
-33.2696236673615,16.9496360045435,10.9684544163445,"3"
49.7449044707514,33.9432201882913,0.44976284457116,"2"
-27.9781894507129,-9.16785761180998,23.1148345436803,"3"
-30.4256843632857,-10.3544271659872,14.9503073023341,"3"
39.9971965923296,32.4908286808731,-1.29758553527541,"2"
35.8436428799283,23.026254488661,3.24629905176478,"2"
34.6441193685161,22.8216045774586,3.3811220148442,"2"
40.2646808781118,25.0024976164349,6.09377668321219,"2"
39.0695344792157,25.7620214025015,3.12840693865935,"2"
40.1572736718196,37.3351510695386,-0.0401642534691257,"2"
36.8830294159287,20.9042140896407,3.44598503355449,"2"
48.5229320657824,33.7253895076671,-0.399483603141079,"2"
42.6783423488399,26.7675818984853,0.216717723551247,"2"
-29.9783764692039,-3.38177549490227,39.3147159126403,"3"
-27.2923094248233,-13.1306394556184,25.5075029791425,"3"
-28.550989633792,26.9854880701228,25.0085599490683,"3"
-24.2562970128123,14.0048138231023,32.5971195563629,"3"
-23.1241017984598,28.6316691406041,31.7616111814676,"3"
-38.5239752071654,7.40064353724382,22.7220414474833,"3"
-38.3959200757065,17.307112481219,33.4189124948421,"3"
-38.2171539221768,13.5261506293473,22.1932183892768,"3"
-23.7755902733565,27.7026615223975,31.1033832714281,"3"
-25.2771705373821,27.3520761174923,28.8935776249445,"3"
-28.6397974128735,-4.31133795835857,18.7982170946219,"3"
-30.6489087639047,24.099918049811,15.8195499131595,"3"
-24.8806742769106,-9.98659494367879,24.8194243411528,"3"
-23.1947441457606,10.7570154742337,32.6831545205133,"3"
-30.3738282534562,25.9537067980929,21.7811900294786,"3"
-29.6526590467394,26.7016835281514,23.3290459482984,"3"
-30.5801684298478,6.74897440450457,32.9554370507256,"3"
-17.5190001496158,23.408515322036,33.8747899267545,"3"
-39.7460199278405,12.7297054840636,23.1446386460691,"3"
-18.0513580841144,24.7282626378098,35.091890555228,"3"
-23.3946967347354,-14.6734553267735,22.3218261814592,"3"
-32.4525880472024,10.137988642311,6.82137256819288,"3"
-31.9467583412192,11.3452726940956,7.06652576791903,"3"
-35.8743499793275,25.2193864519714,22.0772040546808,"3"
-36.5550077314369,16.2059585904016,11.8975876316997,"3"
-37.0412224915062,15.019800738789,3.09935061634798,"3"
-34.223014977885,18.2756057181314,11.5304793696399,"3"
-20.0398752158935,26.003093670917,31.1285055114168,"3"
-31.9245298674912,16.8943170381003,9.1246078071647,"3"
-24.1220249613589,27.6434218985373,29.485765107508,"3"
-20.1356433876738,27.6366392721954,30.0473304571143,"3"
-36.2127382997843,15.8284230729085,4.30667842668873,"3"
-36.422895387804,2.89446852028945,41.4131330269708,"3"
-34.6109095872522,15.0904415569986,9.71532452242386,"3"
-19.6070063062423,24.9368421661629,33.9467394586169,"3"
-31.8780415468852,-8.44352134888427,33.9080137561817,"3"
-30.1718105488733,-7.25639020813753,34.6516189894619,"3"
-20.8451910774503,30.5662335715874,35.0856472627193,"3"
-25.4851083064376,31.7073216815109,18.1321834350294,"3"
-24.2389017064209,32.3311069542005,19.0630365457579,"3"
-37.0967496422013,25.8146605676278,21.9145717316786,"3"
-28.4531290522448,27.6802884031843,17.4711088591812,"3"
-28.5341577528589,30.7907451994536,17.6600156309359,"3"
-31.5102257391073,6.87863188385265,34.7429425513711,"3"
-27.5948817891465,30.5437038409055,17.5539828704828,"3"
-26.6085691166455,30.6892102268083,17.2869185296908,"3"
-37.7868616667157,20.4975398239898,33.4229040368325,"3"
-28.9588998588097,26.7280746213312,18.0523501691125,"3"
-29.78729097715,28.2837829396871,19.1004654566183,"3"
-22.3084570827757,29.636969124125,33.2318250527144,"3"
-37.7941050064139,19.695024201907,33.3805254419346,"3"
-29.5323904090784,26.4419703940227,18.6617664465615,"3"
49.7621623381358,29.9940569807386,2.42671089493288,"2"
42.97644796615,36.9351566014533,-18.7283002414744,"2"
-23.1871426670838,30.8655749007813,32.7754362603782,"3"
36.3828343826797,40.1444899988572,-10.1467016010938,"2"
37.3424963852202,41.133325532471,-14.5423881212386,"2"
46.4435177158965,38.0955508665488,-17.4452232276025,"2"
-20.4047550119267,9.94522614308075,26.5188632595316,"3"
-30.7579656497912,13.5370304527395,27.5818885404866,"3"
-29.3443550263639,-10.642530330551,17.0800366483374,"3"
-22.2830081385609,13.1443148072506,33.4050124376922,"3"
-28.1541061498542,-12.6307201512307,16.0729311989218,"3"
-34.487754701004,-7.88736518245452,30.8620548014851,"3"
-33.2300083016491,10.8857053489487,7.3216854928496,"3"
-28.9428648560635,-2.35386060923986,29.3282431157373,"3"
-30.4403156354389,-8.68797832769426,18.1005876294556,"3"
-39.4759613981626,-2.49912394826669,31.1424489485894,"3"
-39.7048071449144,-2.17403460643951,31.7341809304719,"3"
-29.0850710002105,-5.55222743367563,19.9714687958067,"3"
-31.1594559027128,-8.82725023780326,16.5336509858579,"3"
-38.4086736522877,-7.16318770358771,30.9469773174427,"3"
-28.0044047974733,-11.181428910596,21.560860063032,"3"
-39.3263953137904,-6.58739103519202,31.4165130848434,"3"
-0.0338361622972042,-4.31266619949788,-12.6539202406538,"4"
-37.9385711936671,18.5540054692547,33.3555268315749,"3"
5.2875156649961,-6.6560302850524,-15.6789065404513,"4"
3.72493263839676,-2.47832764274656,-18.3893992593714,"4"
8.35703581465682,0.781245661156297,-16.2437839718093,"4"
8.07294505901286,-6.96332475085791,-10.7669704155546,"4"
4.90545039991582,-2.93877028704636,-19.4154050891606,"4"
-1.64335553692278,-0.855752456117715,-18.4551149752617,"4"
10.520219402442,-7.97162033456225,-10.3689847174132,"4"
5.94656560668347,-2.03738442712111,-16.4855399693926,"4"
1.64479724450402,0.580932139875052,-14.9213191741485,"4"
9.22985406110528,-7.27849486489992,-14.5746345191254,"4"
3.89241229271361,-1.65194828071123,-17.2220721293674,"4"
4.28677016705421,-0.25928206395394,-20.0089670945481,"4"
-1.07825399639072,-0.407496273920367,-16.1150069131082,"4"
3.91103382305963,1.60941193582169,-21.0275057858174,"4"
8.80887702704475,-2.38031303774355,-19.4487585995786,"4"
6.00873199310102,0.378777767450971,-18.9546175224231,"4"
2.43899722463402,-3.50976626870177,-16.1708413180536,"4"
3.82897850653632,-4.3167581094269,-15.4298627735409,"4"
3.81725205567806,-7.5558599683304,-12.0987297479597,"4"
4.46789198679764,0.0529800416087092,-15.6732375902125,"4"
-2.33055088492947,-1.06487766070414,-14.7969412491373,"4"
3.92797883010457,-5.92322740560908,-8.09166332044695,"4"
2.33289833746431,-2.20315556443613,-13.6948169043355,"4"
5.11143538861466,-0.593776253489074,-11.4058100842687,"4"
-0.357784192539381,-0.55563619179716,-21.3791771358303,"4"
2.35590071897747,-4.79929981034,-21.7140423174183,"4"
-24.9197835618584,-11.017863455636,20.5998081135935,"3"
-25.5711107285997,-13.8811365272256,22.7775359918576,"3"
-26.6557483079689,-12.5856593718596,18.7291178446065,"3"
-28.0206369632089,-12.047203090467,17.2706870180578,"3"
-26.6009136949623,-11.2136992237135,20.8753802523926,"3"
-19.9517277602837,8.87268321747586,26.5151342379769,"3"
-26.0923785949758,-9.21514877981815,22.1442421281432,"3"
-3.82909566626077,-27.3565313962343,-49.3671751560982,"0"
1.51622292956512,-20.1236611409228,-62.6846292946105,"0"
-2.00421578741283,-29.1836761804087,-51.9770269010858,"0"
-0.413342621431398,-27.6422333442495,-48.2872022676566,"0"
33.5962467192394,-55.9455304282893,-0.991479750242733,"1"
33.8169630456453,-56.2884564462086,1.05833331049253,"1"
-1.05348855136742,-22.3129573133841,-61.1875396699004,"0"
33.5472032593353,-56.3872251914606,0.0998870024511615,"1"
2.43660885454866,-19.8701859428481,-61.7676022454359,"0"
-2.10791453730024,-30.5437893250005,-53.8686668837357,"0"
47.6849760937527,43.6173085035301,-12.1746204369373,"2"
34.9490045886702,39.3433105802113,-10.9424195164172,"2"
34.7739095348144,39.3600129839089,-11.6568173244961,"2"
51.281346904565,39.9656042461593,-10.8671303245681,"2"
35.2472729117176,34.7313377273399,-13.6966312484667,"2"
43.2728247793823,38.8430150979393,-9.79479914565732,"2"
34.7782043985366,38.5224443950003,-15.0677518517324,"2"
25.6014522894158,-58.2800055321789,-3.854813464298,"1"
-29.842203955204,-9.83066269570225,17.7554467492214,"3"
-41.1889744243903,-5.81957734879711,33.3752472826598,"3"
36.0140563471599,42.3552586352713,-16.176279989222,"2"
34.267381965664,37.5113887641918,-13.0941008172998,"2"
34.8990239705945,38.6177432821748,-16.1185449967378,"2"
35.8422779438931,40.8772866771588,-15.5117039283285,"2"
36.4066226329761,33.5992866762921,-16.6050648552413,"2"
36.8806556630225,34.1555331951121,-15.3799276905714,"2"
33.4162186324334,36.9103860938386,-11.4116247867527,"2"
-34.0373262717628,15.2534495428615,13.8172973934885,"3"
-34.9167907142445,15.2900924895857,14.2688011171881,"3"
-36.9407414620341,3.0875528611911,40.9363392308551,"3"
-39.1101502927783,-0.162743221413531,35.1461457133744,"3"
-35.8054638823264,-5.81247388243818,28.6738185307564,"3"
-36.5815895071262,-3.79472776251339,26.3935156679389,"3"
-34.2447975963513,17.9127867703118,15.8944983981496,"3"
-21.3847661271027,11.4670295452654,30.1883005606824,"3"
-37.4707425652973,3.91782610762603,41.5507165966616,"3"
-34.7265036268047,16.407658144295,16.3355461964481,"3"
-36.1322709864044,15.2548314601021,15.8526974309442,"3"
-36.176425764969,15.145788681564,12.8376806812713,"3"
22.1562532355871,-55.9750817854166,-7.03601979246673,"1"
-37.8241150653087,10.2493324571902,1.81278285074233,"3"
-36.5559178267486,10.6017695969219,2.09735179705093,"3"
-40.2266783115657,8.10360829962296,5.0342499932933,"3"
-36.5326483170835,12.7162289897983,0.660390877859657,"3"
-37.4670640227171,12.5195197903331,2.53716009007006,"3"
-39.9938520977409,9.63820841159103,2.67122701885241,"3"
-39.9848719276015,10.0836428386674,3.73365985825155,"3"
-35.4583780637248,9.90271623657838,2.75826884482763,"3"
-33.3651629217179,-7.61246993185881,11.6397259531454,"3"
-33.217147477483,-7.68822732158502,12.1117331657192,"3"
-37.7569406429896,13.4865187218408,2.11855860907549,"3"
-39.965106998597,11.4870571271654,2.28372892428216,"3"
-40.6079192237976,9.05097309184541,4.10172140250293,"3"
-39.1458275918527,11.2006609049836,1.79989746415632,"3"
-41.5865494424399,7.02869742823646,4.48327187008418,"3"
